identifiantStation;nomStation;codeLigne;sensLigne;heureEstimeeDepart;dateModification;cleModification;cleTri
TRANSPOLE:StopPointRef:BP:4553:LOC;EUROTELEPORT;TRAM;DEPOT TRAMWAY;2022-03-10T19:56:59+01:00;2022-03-10T18:47:10+01:00;TRANSPOLE:ItemId::268443519:LOC;DEPOT TRAMWAY/EUROTELEPORT/2022-03-10T19:56:59.000+01:00
TRANSPOLE:StopPointRef:BP:4553:LOC;EUROTELEPORT;TRAM;DEPOT TRAMWAY;2022-03-10T20:16:29+01:00;2022-03-10T03:20:06+01:00;TRANSPOLE:ItemId::268436037:LOC;DEPOT TRAMWAY/EUROTELEPORT/2022-03-10T20:16:29.000+01:00
TRANSPOLE:StopPointRef:BP:2221:LOC;LILLE FLANDRES;TRAM;DEPOT TRAMWAY;2022-03-10T18:53:00+01:00;2022-03-10T18:48:15+01:00;TRANSPOLE:ItemId::268442096:LOC;DEPOT TRAMWAY/LILLE FLANDRES/2022-03-10T18:53:00.000+01:00
TRANSPOLE:StopPointRef:BP:2221:LOC;LILLE FLANDRES;TRAM;DEPOT TRAMWAY;2022-03-10T18:56:51+01:00;2022-03-10T18:48:15+01:00;TRANSPOLE:ItemId::268436531:LOC;DEPOT TRAMWAY/LILLE FLANDRES/2022-03-10T18:56:51.000+01:00
TRANSPOLE:StopPointRef:BP:3150:LOC;ACACIAS;TRAM;EUROTELEPORT;2022-03-10T18:56:03+01:00;2022-03-10T18:48:10+01:00;TRANSPOLE:ItemId::268439648:LOC;EUROTELEPORT/ACACIAS/2022-03-10T18:56:03.000+01:00
TRANSPOLE:StopPointRef:BP:3150:LOC;ACACIAS;TRAM;EUROTELEPORT;2022-03-10T19:05:32+01:00;2022-03-10T18:34:50+01:00;TRANSPOLE:ItemId::268444287:LOC;EUROTELEPORT/ACACIAS/2022-03-10T19:05:32.000+01:00
TRANSPOLE:StopPointRef:BP:3150:LOC;ACACIAS;TRAM;EUROTELEPORT;2022-03-10T19:15:17+01:00;2022-03-10T18:44:35+01:00;TRANSPOLE:ItemId::268437071:LOC;EUROTELEPORT/ACACIAS/2022-03-10T19:15:17.000+01:00
TRANSPOLE:StopPointRef:BP:1257:LOC;ALFRED MONGY;TRAM;EUROTELEPORT;2022-03-10T18:53:28+01:00;2022-03-10T18:48:20+01:00;TRANSPOLE:ItemId::268435988:LOC;EUROTELEPORT/ALFRED MONGY/2022-03-10T18:53:28.000+01:00
TRANSPOLE:StopPointRef:BP:1257:LOC;ALFRED MONGY;TRAM;EUROTELEPORT;2022-03-10T19:03:15+01:00;2022-03-10T18:48:20+01:00;TRANSPOLE:ItemId::268441121:LOC;EUROTELEPORT/ALFRED MONGY/2022-03-10T19:03:15.000+01:00
TRANSPOLE:StopPointRef:BP:1257:LOC;ALFRED MONGY;TRAM;EUROTELEPORT;2022-03-10T19:13:23+01:00;2022-03-10T18:48:05+01:00;TRANSPOLE:ItemId::268439660:LOC;EUROTELEPORT/ALFRED MONGY/2022-03-10T19:13:23.000+01:00
TRANSPOLE:StopPointRef:BP:3208:LOC;BOL D'AIR;TRAM;EUROTELEPORT;2022-03-10T18:56:32+01:00;2022-03-10T18:48:20+01:00;TRANSPOLE:ItemId::268441117:LOC;EUROTELEPORT/BOL D'AIR/2022-03-10T18:56:32.000+01:00
TRANSPOLE:StopPointRef:BP:3208:LOC;BOL D'AIR;TRAM;EUROTELEPORT;2022-03-10T19:06:36+01:00;2022-03-10T18:48:20+01:00;TRANSPOLE:ItemId::268439656:LOC;EUROTELEPORT/BOL D'AIR/2022-03-10T19:06:36.000+01:00
TRANSPOLE:StopPointRef:BP:3208:LOC;BOL D'AIR;TRAM;EUROTELEPORT;2022-03-10T19:15:59+01:00;2022-03-10T18:44:45+01:00;TRANSPOLE:ItemId::268444295:LOC;EUROTELEPORT/BOL D'AIR/2022-03-10T19:15:59.000+01:00
TRANSPOLE:StopPointRef:BP:344:LOC;BOTANIQUE;TRAM;EUROTELEPORT;2022-03-10T18:56:35+01:00;2022-03-10T18:01:45+01:00;TRANSPOLE:ItemId::268444281:LOC;EUROTELEPORT/BOTANIQUE/2022-03-10T18:56:35.000+01:00
TRANSPOLE:StopPointRef:BP:344:LOC;BOTANIQUE;TRAM;EUROTELEPORT;2022-03-10T19:06:36+01:00;2022-03-10T18:26:35+01:00;TRANSPOLE:ItemId::268437065:LOC;EUROTELEPORT/BOTANIQUE/2022-03-10T19:06:36.000+01:00
TRANSPOLE:StopPointRef:BP:1019:LOC;BROSSOLETTE;TRAM;EUROTELEPORT;2022-03-10T18:51:44+01:00;2022-03-10T18:48:10+01:00;TRANSPOLE:ItemId::268439645:LOC;EUROTELEPORT/BROSSOLETTE/2022-03-10T18:51:44.000+01:00
TRANSPOLE:StopPointRef:BP:1019:LOC;BROSSOLETTE;TRAM;EUROTELEPORT;2022-03-10T19:01:11+01:00;2022-03-10T18:21:10+01:00;TRANSPOLE:ItemId::268444284:LOC;EUROTELEPORT/BROSSOLETTE/2022-03-10T19:01:11.000+01:00
TRANSPOLE:StopPointRef:BP:1019:LOC;BROSSOLETTE;TRAM;EUROTELEPORT;2022-03-10T19:11:03+01:00;2022-03-10T18:28:15+01:00;TRANSPOLE:ItemId::268437068:LOC;EUROTELEPORT/BROSSOLETTE/2022-03-10T19:11:03.000+01:00
TRANSPOLE:StopPointRef:BP:3210:LOC;BUISSON;TRAM;EUROTELEPORT;2022-03-10T18:50:32+01:00;2022-03-10T18:48:50+01:00;TRANSPOLE:ItemId::268439644:LOC;EUROTELEPORT/BUISSON/2022-03-10T18:50:32.000+01:00
TRANSPOLE:StopPointRef:BP:3210:LOC;BUISSON;TRAM;EUROTELEPORT;2022-03-10T18:59:25+01:00;2022-03-10T18:19:30+01:00;TRANSPOLE:ItemId::268444283:LOC;EUROTELEPORT/BUISSON/2022-03-10T18:59:25.000+01:00
TRANSPOLE:StopPointRef:BP:3210:LOC;BUISSON;TRAM;EUROTELEPORT;2022-03-10T19:09:25+01:00;2022-03-10T18:23:45+01:00;TRANSPOLE:ItemId::268437067:LOC;EUROTELEPORT/BUISSON/2022-03-10T19:09:25.000+01:00
TRANSPOLE:StopPointRef:BP:2881:LOC;CLEMENCEAU HIPP.;TRAM;EUROTELEPORT;2022-03-10T18:52:35+01:00;2022-03-10T18:48:20+01:00;TRANSPOLE:ItemId::268439646:LOC;EUROTELEPORT/CLEMENCEAU HIPP./2022-03-10T18:52:35.000+01:00
TRANSPOLE:StopPointRef:BP:2881:LOC;CLEMENCEAU HIPP.;TRAM;EUROTELEPORT;2022-03-10T19:02:01+01:00;2022-03-10T18:21:10+01:00;TRANSPOLE:ItemId::268444285:LOC;EUROTELEPORT/CLEMENCEAU HIPP./2022-03-10T19:02:01.000+01:00
TRANSPOLE:StopPointRef:BP:2881:LOC;CLEMENCEAU HIPP.;TRAM;EUROTELEPORT;2022-03-10T19:11:52+01:00;2022-03-10T18:28:15+01:00;TRANSPOLE:ItemId::268437069:LOC;EUROTELEPORT/CLEMENCEAU HIPP./2022-03-10T19:11:52.000+01:00
TRANSPOLE:StopPointRef:BP:601:LOC;CROISE LAROCHE;TRAM;EUROTELEPORT;2022-03-10T18:54:23+01:00;2022-03-10T18:48:10+01:00;TRANSPOLE:ItemId::268439647:LOC;EUROTELEPORT/CROISE LAROCHE/2022-03-10T18:54:23.000+01:00
TRANSPOLE:StopPointRef:BP:601:LOC;CROISE LAROCHE;TRAM;EUROTELEPORT;2022-03-10T19:03:48+01:00;2022-03-10T18:44:45+01:00;TRANSPOLE:ItemId::268444286:LOC;EUROTELEPORT/CROISE LAROCHE/2022-03-10T19:03:48.000+01:00
TRANSPOLE:StopPointRef:BP:2849:LOC;HOPITAL V.PROVO;TRAM;EUROTELEPORT;2022-03-10T18:59:39+01:00;2022-03-10T18:48:20+01:00;TRANSPOLE:ItemId::268441119:LOC;EUROTELEPORT/HOPITAL V.PROVO/2022-03-10T18:59:39.000+01:00
TRANSPOLE:StopPointRef:BP:2849:LOC;HOPITAL V.PROVO;TRAM;EUROTELEPORT;2022-03-10T19:09:42+01:00;2022-03-10T18:48:10+01:00;TRANSPOLE:ItemId::268439658:LOC;EUROTELEPORT/HOPITAL V.PROVO/2022-03-10T19:09:42.000+01:00
TRANSPOLE:StopPointRef:BP:2849:LOC;HOPITAL V.PROVO;TRAM;EUROTELEPORT;2022-03-10T19:19:12+01:00;2022-03-10T18:34:50+01:00;TRANSPOLE:ItemId::268444297:LOC;EUROTELEPORT/HOPITAL V.PROVO/2022-03-10T19:19:12.000+01:00
TRANSPOLE:StopPointRef:BP:3143:LOC;JEAN MOULIN;TRAM;EUROTELEPORT;2022-03-10T18:51:49+01:00;2022-03-10T18:48:20+01:00;TRANSPOLE:ItemId::268435987:LOC;EUROTELEPORT/JEAN MOULIN/2022-03-10T18:51:49.000+01:00
TRANSPOLE:StopPointRef:BP:3143:LOC;JEAN MOULIN;TRAM;EUROTELEPORT;2022-03-10T19:01:36+01:00;2022-03-10T18:48:20+01:00;TRANSPOLE:ItemId::268441120:LOC;EUROTELEPORT/JEAN MOULIN/2022-03-10T19:01:36.000+01:00
TRANSPOLE:StopPointRef:BP:3143:LOC;JEAN MOULIN;TRAM;EUROTELEPORT;2022-03-10T19:11:44+01:00;2022-03-10T18:48:05+01:00;TRANSPOLE:ItemId::268439659:LOC;EUROTELEPORT/JEAN MOULIN/2022-03-10T19:11:44.000+01:00
TRANSPOLE:StopPointRef:BP:157:LOC;LA MARQUE;TRAM;EUROTELEPORT;2022-03-10T18:53:54+01:00;2022-03-10T18:48:20+01:00;TRANSPOLE:ItemId::268441115:LOC;EUROTELEPORT/LA MARQUE/2022-03-10T18:53:54.000+01:00
TRANSPOLE:StopPointRef:BP:157:LOC;LA MARQUE;TRAM;EUROTELEPORT;2022-03-10T19:04:02+01:00;2022-03-10T18:48:05+01:00;TRANSPOLE:ItemId::268439654:LOC;EUROTELEPORT/LA MARQUE/2022-03-10T19:04:02.000+01:00
TRANSPOLE:StopPointRef:BP:157:LOC;LA MARQUE;TRAM;EUROTELEPORT;2022-03-10T19:13:19+01:00;2022-03-10T18:44:45+01:00;TRANSPOLE:ItemId::268444293:LOC;EUROTELEPORT/LA MARQUE/2022-03-10T19:13:19.000+01:00
TRANSPOLE:StopPointRef:BP:3145:LOC;LA TERRASSE;TRAM;EUROTELEPORT;2022-03-10T18:58:57+01:00;2022-03-10T18:48:20+01:00;TRANSPOLE:ItemId::268439650:LOC;EUROTELEPORT/LA TERRASSE/2022-03-10T18:58:57.000+01:00
TRANSPOLE:StopPointRef:BP:3145:LOC;LA TERRASSE;TRAM;EUROTELEPORT;2022-03-10T19:08:18+01:00;2022-03-10T18:44:45+01:00;TRANSPOLE:ItemId::268444289:LOC;EUROTELEPORT/LA TERRASSE/2022-03-10T19:08:18.000+01:00
TRANSPOLE:StopPointRef:BP:3145:LOC;LA TERRASSE;TRAM;EUROTELEPORT;2022-03-10T19:18:14+01:00;2022-03-10T18:32:05+01:00;TRANSPOLE:ItemId::268437073:LOC;EUROTELEPORT/LA TERRASSE/2022-03-10T19:18:14.000+01:00
TRANSPOLE:StopPointRef:BP:3160:LOC;LE SART;TRAM;EUROTELEPORT;2022-03-10T18:51:28+01:00;2022-03-10T18:48:20+01:00;TRANSPOLE:ItemId::268441113:LOC;EUROTELEPORT/LE SART/2022-03-10T18:51:28.000+01:00
TRANSPOLE:StopPointRef:BP:3160:LOC;LE SART;TRAM;EUROTELEPORT;2022-03-10T19:01:31+01:00;2022-03-10T18:48:10+01:00;TRANSPOLE:ItemId::268439652:LOC;EUROTELEPORT/LE SART/2022-03-10T19:01:31.000+01:00
TRANSPOLE:StopPointRef:BP:3160:LOC;LE SART;TRAM;EUROTELEPORT;2022-03-10T19:10:56+01:00;2022-03-10T18:46:35+01:00;TRANSPOLE:ItemId::268444291:LOC;EUROTELEPORT/LE SART/2022-03-10T19:10:56.000+01:00
TRANSPOLE:StopPointRef:BP:2757:LOC;LILLE EUROPE;TRAM;EUROTELEPORT;2022-03-10T18:53:20+01:00;2022-03-10T18:44:01+01:00;TRANSPOLE:ItemId::268444279:LOC;EUROTELEPORT/LILLE EUROPE/2022-03-10T18:53:20.000+01:00
TRANSPOLE:StopPointRef:BP:2757:LOC;LILLE EUROPE;TRAM;EUROTELEPORT;2022-03-10T19:03:21+01:00;2022-03-10T17:53:20+01:00;TRANSPOLE:ItemId::268437063:LOC;EUROTELEPORT/LILLE EUROPE/2022-03-10T19:03:21.000+01:00
TRANSPOLE:StopPointRef:BP:2756:LOC;LILLE FLANDRES;TRAM;EUROTELEPORT;2022-03-10T18:52:00+01:00;2022-03-10T18:43:30+01:00;TRANSPOLE:ItemId::268444278:LOC;EUROTELEPORT/LILLE FLANDRES/2022-03-10T18:52:00.000+01:00
TRANSPOLE:StopPointRef:BP:2756:LOC;LILLE FLANDRES;TRAM;EUROTELEPORT;2022-03-10T19:02:00+01:00;2022-03-10T18:48:15+01:00;TRANSPOLE:ItemId::268437062:LOC;EUROTELEPORT/LILLE FLANDRES/2022-03-10T19:02:00.000+01:00
TRANSPOLE:StopPointRef:BP:2756:LOC;LILLE FLANDRES;TRAM;EUROTELEPORT;2022-03-10T19:13:00+01:00;2022-03-10T18:48:20+01:00;TRANSPOLE:ItemId::268438537:LOC;EUROTELEPORT/LILLE FLANDRES/2022-03-10T19:13:00.000+01:00
TRANSPOLE:StopPointRef:BP:2448:LOC;PARC BARBIEUX;TRAM;EUROTELEPORT;2022-03-10T18:58:07+01:00;2022-03-10T18:48:20+01:00;TRANSPOLE:ItemId::268441118:LOC;EUROTELEPORT/PARC BARBIEUX/2022-03-10T18:58:07.000+01:00
TRANSPOLE:StopPointRef:BP:2448:LOC;PARC BARBIEUX;TRAM;EUROTELEPORT;2022-03-10T19:08:10+01:00;2022-03-10T18:48:10+01:00;TRANSPOLE:ItemId::268439657:LOC;EUROTELEPORT/PARC BARBIEUX/2022-03-10T19:08:10.000+01:00
TRANSPOLE:StopPointRef:BP:2448:LOC;PARC BARBIEUX;TRAM;EUROTELEPORT;2022-03-10T19:17:36+01:00;2022-03-10T18:46:35+01:00;TRANSPOLE:ItemId::268444296:LOC;EUROTELEPORT/PARC BARBIEUX/2022-03-10T19:17:36.000+01:00
TRANSPOLE:StopPointRef:BP:2287:LOC;PAVE DE LILLE;TRAM;EUROTELEPORT;2022-03-10T18:49:59+01:00;2022-03-10T18:48:20+01:00;TRANSPOLE:ItemId::268441112:LOC;EUROTELEPORT/PAVE DE LILLE/2022-03-10T18:49:59.000+01:00
TRANSPOLE:StopPointRef:BP:2287:LOC;PAVE DE LILLE;TRAM;EUROTELEPORT;2022-03-10T19:00:02+01:00;2022-03-10T18:48:10+01:00;TRANSPOLE:ItemId::268439651:LOC;EUROTELEPORT/PAVE DE LILLE/2022-03-10T19:00:02.000+01:00
TRANSPOLE:StopPointRef:BP:2287:LOC;PAVE DE LILLE;TRAM;EUROTELEPORT;2022-03-10T19:09:25+01:00;2022-03-10T18:46:25+01:00;TRANSPOLE:ItemId::268444290:LOC;EUROTELEPORT/PAVE DE LILLE/2022-03-10T19:09:25.000+01:00
TRANSPOLE:StopPointRef:BP:1762:LOC;PLANCHE EPINOY;TRAM;EUROTELEPORT;2022-03-10T18:52:49+01:00;2022-03-10T18:48:20+01:00;TRANSPOLE:ItemId::268441114:LOC;EUROTELEPORT/PLANCHE EPINOY/2022-03-10T18:52:49.000+01:00
TRANSPOLE:StopPointRef:BP:1762:LOC;PLANCHE EPINOY;TRAM;EUROTELEPORT;2022-03-10T19:02:52+01:00;2022-03-10T18:48:10+01:00;TRANSPOLE:ItemId::268439653:LOC;EUROTELEPORT/PLANCHE EPINOY/2022-03-10T19:02:52.000+01:00
TRANSPOLE:StopPointRef:BP:1762:LOC;PLANCHE EPINOY;TRAM;EUROTELEPORT;2022-03-10T19:12:15+01:00;2022-03-10T18:46:25+01:00;TRANSPOLE:ItemId::268444292:LOC;EUROTELEPORT/PLANCHE EPINOY/2022-03-10T19:12:15.000+01:00
TRANSPOLE:StopPointRef:BP:3983:LOC;PONT WASQUEHAL;TRAM;EUROTELEPORT;2022-03-10T18:58:00+01:00;2022-03-10T18:48:50+01:00;TRANSPOLE:ItemId::268439649:LOC;EUROTELEPORT/PONT WASQUEHAL/2022-03-10T18:58:00.000+01:00
TRANSPOLE:StopPointRef:BP:3983:LOC;PONT WASQUEHAL;TRAM;EUROTELEPORT;2022-03-10T19:07:00+01:00;2022-03-10T18:48:00+01:00;TRANSPOLE:ItemId::268444288:LOC;EUROTELEPORT/PONT WASQUEHAL/2022-03-10T19:07:00.000+01:00
TRANSPOLE:StopPointRef:BP:3983:LOC;PONT WASQUEHAL;TRAM;EUROTELEPORT;2022-03-10T19:16:45+01:00;2022-03-10T18:46:00+01:00;TRANSPOLE:ItemId::268437072:LOC;EUROTELEPORT/PONT WASQUEHAL/2022-03-10T19:16:45.000+01:00
TRANSPOLE:StopPointRef:BP:4600:LOC;ROMARIN;TRAM;EUROTELEPORT;2022-03-10T18:55:13+01:00;2022-03-10T18:46:15+01:00;TRANSPOLE:ItemId::268444280:LOC;EUROTELEPORT/ROMARIN/2022-03-10T18:55:13.000+01:00
TRANSPOLE:StopPointRef:BP:4600:LOC;ROMARIN;TRAM;EUROTELEPORT;2022-03-10T19:05:06+01:00;2022-03-10T17:55:00+01:00;TRANSPOLE:ItemId::268437064:LOC;EUROTELEPORT/ROMARIN/2022-03-10T19:05:06.000+01:00
TRANSPOLE:StopPointRef:BP:3470:LOC;SAINT MAUR;TRAM;EUROTELEPORT;2022-03-10T18:57:45+01:00;2022-03-10T18:48:50+01:00;TRANSPOLE:ItemId::268444282:LOC;EUROTELEPORT/SAINT MAUR/2022-03-10T18:57:45.000+01:00
TRANSPOLE:StopPointRef:BP:3470:LOC;SAINT MAUR;TRAM;EUROTELEPORT;2022-03-10T19:07:35+01:00;2022-03-10T18:23:45+01:00;TRANSPOLE:ItemId::268437066:LOC;EUROTELEPORT/SAINT MAUR/2022-03-10T19:07:35.000+01:00
TRANSPOLE:StopPointRef:BP:3240:LOC;VILLA CAVROIS;TRAM;EUROTELEPORT;2022-03-10T18:55:11+01:00;2022-03-10T18:48:20+01:00;TRANSPOLE:ItemId::268441116:LOC;EUROTELEPORT/VILLA CAVROIS/2022-03-10T18:55:11.000+01:00
TRANSPOLE:StopPointRef:BP:3240:LOC;VILLA CAVROIS;TRAM;EUROTELEPORT;2022-03-10T19:05:39+01:00;2022-03-10T18:48:50+01:00;TRANSPOLE:ItemId::268439655:LOC;EUROTELEPORT/VILLA CAVROIS/2022-03-10T19:05:39.000+01:00
TRANSPOLE:StopPointRef:BP:3240:LOC;VILLA CAVROIS;TRAM;EUROTELEPORT;2022-03-10T19:14:37+01:00;2022-03-10T18:44:45+01:00;TRANSPOLE:ItemId::268444294:LOC;EUROTELEPORT/VILLA CAVROIS/2022-03-10T19:14:37.000+01:00
TRANSPOLE:StopPointRef:BP:2705:LOC;ACACIAS;TRAM;LILLE FLANDRES;2022-03-10T18:51:57+01:00;2022-03-10T18:48:15+01:00;TRANSPOLE:ItemId::268438526:LOC;LILLE FLANDRES/ACACIAS/2022-03-10T18:51:57.000+01:00
TRANSPOLE:StopPointRef:BP:2705:LOC;ACACIAS;TRAM;LILLE FLANDRES;2022-03-10T18:59:28+01:00;2022-03-10T18:48:20+01:00;TRANSPOLE:ItemId::268443485:LOC;LILLE FLANDRES/ACACIAS/2022-03-10T18:59:28.000+01:00
TRANSPOLE:StopPointRef:BP:2705:LOC;ACACIAS;TRAM;LILLE FLANDRES;2022-03-10T19:08:44+01:00;2022-03-10T18:44:40+01:00;TRANSPOLE:ItemId::268443026:LOC;LILLE FLANDRES/ACACIAS/2022-03-10T19:08:44.000+01:00
TRANSPOLE:StopPointRef:BP:2355:LOC;ALFRED MONGY;TRAM;LILLE FLANDRES;2022-03-10T18:51:41+01:00;2022-03-10T18:43:25+01:00;TRANSPOLE:ItemId::268443014:LOC;LILLE FLANDRES/ALFRED MONGY/2022-03-10T18:51:41.000+01:00
TRANSPOLE:StopPointRef:BP:2355:LOC;ALFRED MONGY;TRAM;LILLE FLANDRES;2022-03-10T19:01:11+01:00;2022-03-10T18:43:25+01:00;TRANSPOLE:ItemId::268435991:LOC;LILLE FLANDRES/ALFRED MONGY/2022-03-10T19:01:11.000+01:00
TRANSPOLE:StopPointRef:BP:2355:LOC;ALFRED MONGY;TRAM;LILLE FLANDRES;2022-03-10T19:11:48+01:00;2022-03-10T18:01:40+01:00;TRANSPOLE:ItemId::268441124:LOC;LILLE FLANDRES/ALFRED MONGY/2022-03-10T19:11:48.000+01:00
TRANSPOLE:StopPointRef:BP:426:LOC;BOL D'AIR;TRAM;LILLE FLANDRES;2022-03-10T18:58:04+01:00;2022-03-10T18:48:00+01:00;TRANSPOLE:ItemId::268443018:LOC;LILLE FLANDRES/BOL D'AIR/2022-03-10T18:58:04.000+01:00
TRANSPOLE:StopPointRef:BP:426:LOC;BOL D'AIR;TRAM;LILLE FLANDRES;2022-03-10T19:07:34+01:00;2022-03-10T18:48:05+01:00;TRANSPOLE:ItemId::268435995:LOC;LILLE FLANDRES/BOL D'AIR/2022-03-10T19:07:34.000+01:00
TRANSPOLE:StopPointRef:BP:426:LOC;BOL D'AIR;TRAM;LILLE FLANDRES;2022-03-10T19:18:14+01:00;2022-03-10T18:33:40+01:00;TRANSPOLE:ItemId::268441128:LOC;LILLE FLANDRES/BOL D'AIR/2022-03-10T19:18:14.000+01:00
TRANSPOLE:StopPointRef:BP:3209:LOC;BOTANIQUE;TRAM;LILLE FLANDRES;2022-03-10T18:52:54+01:00;2022-03-10T18:48:50+01:00;TRANSPOLE:ItemId::268437057:LOC;LILLE FLANDRES/BOTANIQUE/2022-03-10T18:52:54.000+01:00
TRANSPOLE:StopPointRef:BP:3209:LOC;BOTANIQUE;TRAM;LILLE FLANDRES;2022-03-10T18:56:24+01:00;2022-03-10T18:48:45+01:00;TRANSPOLE:ItemId::268444928:LOC;LILLE FLANDRES/BOTANIQUE/2022-03-10T18:56:24.000+01:00
TRANSPOLE:StopPointRef:BP:3209:LOC;BOTANIQUE;TRAM;LILLE FLANDRES;2022-03-10T19:00:38+01:00;2022-03-10T18:48:50+01:00;TRANSPOLE:ItemId::268438532:LOC;LILLE FLANDRES/BOTANIQUE/2022-03-10T19:00:38.000+01:00
TRANSPOLE:StopPointRef:BP:3946:LOC;BROSSOLETTE;TRAM;LILLE FLANDRES;2022-03-10T18:51:52+01:00;2022-03-10T18:48:50+01:00;TRANSPOLE:ItemId::268444925:LOC;LILLE FLANDRES/BROSSOLETTE/2022-03-10T18:51:52.000+01:00
TRANSPOLE:StopPointRef:BP:3946:LOC;BROSSOLETTE;TRAM;LILLE FLANDRES;2022-03-10T18:56:11+01:00;2022-03-10T18:48:50+01:00;TRANSPOLE:ItemId::268438529:LOC;LILLE FLANDRES/BROSSOLETTE/2022-03-10T18:56:11.000+01:00
TRANSPOLE:StopPointRef:BP:3946:LOC;BROSSOLETTE;TRAM;LILLE FLANDRES;2022-03-10T18:59:24+01:00;2022-03-10T18:48:55+01:00;TRANSPOLE:ItemId::268441586:LOC;LILLE FLANDRES/BROSSOLETTE/2022-03-10T18:59:24.000+01:00
TRANSPOLE:StopPointRef:BP:3211:LOC;BUISSON;TRAM;LILLE FLANDRES;2022-03-10T18:49:59+01:00;2022-03-10T18:48:50+01:00;TRANSPOLE:ItemId::268437055:LOC;LILLE FLANDRES/BUISSON/2022-03-10T18:49:59.000+01:00
TRANSPOLE:StopPointRef:BP:3211:LOC;BUISSON;TRAM;LILLE FLANDRES;2022-03-10T18:53:24+01:00;2022-03-10T18:48:50+01:00;TRANSPOLE:ItemId::268444926:LOC;LILLE FLANDRES/BUISSON/2022-03-10T18:53:24.000+01:00
TRANSPOLE:StopPointRef:BP:3211:LOC;BUISSON;TRAM;LILLE FLANDRES;2022-03-10T18:57:43+01:00;2022-03-10T18:48:50+01:00;TRANSPOLE:ItemId::268438530:LOC;LILLE FLANDRES/BUISSON/2022-03-10T18:57:43.000+01:00
TRANSPOLE:StopPointRef:BP:3170:LOC;CARTELOT;TRAM;LILLE FLANDRES;2022-03-10T18:50:52+01:00;2022-03-10T18:48:15+01:00;TRANSPOLE:ItemId::268441579:LOC;LILLE FLANDRES/CARTELOT/2022-03-10T18:50:52.000+01:00
TRANSPOLE:StopPointRef:BP:3170:LOC;CARTELOT;TRAM;LILLE FLANDRES;2022-03-10T18:59:05+01:00;2022-03-10T18:48:15+01:00;TRANSPOLE:ItemId::268437950:LOC;LILLE FLANDRES/CARTELOT/2022-03-10T18:59:05.000+01:00
TRANSPOLE:StopPointRef:BP:3170:LOC;CARTELOT;TRAM;LILLE FLANDRES;2022-03-10T19:08:44+01:00;2022-03-10T18:44:55+01:00;TRANSPOLE:ItemId::268443952:LOC;LILLE FLANDRES/CARTELOT/2022-03-10T19:08:44.000+01:00
TRANSPOLE:StopPointRef:BP:473:LOC;CERISAIE;TRAM;LILLE FLANDRES;2022-03-10T18:53:14+01:00;2022-03-10T18:48:15+01:00;TRANSPOLE:ItemId::268441581:LOC;LILLE FLANDRES/CERISAIE/2022-03-10T18:53:14.000+01:00
TRANSPOLE:StopPointRef:BP:473:LOC;CERISAIE;TRAM;LILLE FLANDRES;2022-03-10T19:01:27+01:00;2022-03-10T18:48:15+01:00;TRANSPOLE:ItemId::268437952:LOC;LILLE FLANDRES/CERISAIE/2022-03-10T19:01:27.000+01:00
TRANSPOLE:StopPointRef:BP:473:LOC;CERISAIE;TRAM;LILLE FLANDRES;2022-03-10T19:11:13+01:00;2022-03-10T18:40:20+01:00;TRANSPOLE:ItemId::268443954:LOC;LILLE FLANDRES/CERISAIE/2022-03-10T19:11:13.000+01:00
TRANSPOLE:StopPointRef:BP:3172:LOC;CHATEAU ROUGE;TRAM;LILLE FLANDRES;2022-03-10T18:52:06+01:00;2022-03-10T18:48:10+01:00;TRANSPOLE:ItemId::268441580:LOC;LILLE FLANDRES/CHATEAU ROUGE/2022-03-10T18:52:06.000+01:00
TRANSPOLE:StopPointRef:BP:3172:LOC;CHATEAU ROUGE;TRAM;LILLE FLANDRES;2022-03-10T19:00:18+01:00;2022-03-10T18:48:10+01:00;TRANSPOLE:ItemId::268437951:LOC;LILLE FLANDRES/CHATEAU ROUGE/2022-03-10T19:00:18.000+01:00
TRANSPOLE:StopPointRef:BP:3172:LOC;CHATEAU ROUGE;TRAM;LILLE FLANDRES;2022-03-10T19:10:04+01:00;2022-03-10T18:43:15+01:00;TRANSPOLE:ItemId::268443953:LOC;LILLE FLANDRES/CHATEAU ROUGE/2022-03-10T19:10:04.000+01:00
TRANSPOLE:StopPointRef:BP:3239:LOC;CLEMENCEAU HIPP.;TRAM;LILLE FLANDRES;2022-03-10T18:50:51+01:00;2022-03-10T18:48:45+01:00;TRANSPOLE:ItemId::268444924:LOC;LILLE FLANDRES/CLEMENCEAU HIPP./2022-03-10T18:50:51.000+01:00
TRANSPOLE:StopPointRef:BP:3239:LOC;CLEMENCEAU HIPP.;TRAM;LILLE FLANDRES;2022-03-10T18:55:05+01:00;2022-03-10T18:48:50+01:00;TRANSPOLE:ItemId::268438528:LOC;LILLE FLANDRES/CLEMENCEAU HIPP./2022-03-10T18:55:05.000+01:00
TRANSPOLE:StopPointRef:BP:3239:LOC;CLEMENCEAU HIPP.;TRAM;LILLE FLANDRES;2022-03-10T18:58:18+01:00;2022-03-10T18:48:55+01:00;TRANSPOLE:ItemId::268441585:LOC;LILLE FLANDRES/CLEMENCEAU HIPP./2022-03-10T18:58:18.000+01:00
TRANSPOLE:StopPointRef:BP:602:LOC;CROISE LAROCHE;TRAM;LILLE FLANDRES;2022-03-10T18:53:59+01:00;2022-03-10T18:48:20+01:00;TRANSPOLE:ItemId::268438527:LOC;LILLE FLANDRES/CROISE LAROCHE/2022-03-10T18:53:59.000+01:00
TRANSPOLE:StopPointRef:BP:602:LOC;CROISE LAROCHE;TRAM;LILLE FLANDRES;2022-03-10T18:57:35+01:00;2022-03-10T18:48:10+01:00;TRANSPOLE:ItemId::268441584:LOC;LILLE FLANDRES/CROISE LAROCHE/2022-03-10T18:57:35.000+01:00
TRANSPOLE:StopPointRef:BP:602:LOC;CROISE LAROCHE;TRAM;LILLE FLANDRES;2022-03-10T19:01:23+01:00;2022-03-10T18:48:20+01:00;TRANSPOLE:ItemId::268443486:LOC;LILLE FLANDRES/CROISE LAROCHE/2022-03-10T19:01:23.000+01:00
TRANSPOLE:StopPointRef:BP:1779:LOC;EUROTELEPORT;TRAM;LILLE FLANDRES;2022-03-10T18:59:17+01:00;2022-03-10T18:48:20+01:00;TRANSPOLE:ItemId::268435990:LOC;LILLE FLANDRES/EUROTELEPORT/2022-03-10T18:59:17.000+01:00
TRANSPOLE:StopPointRef:BP:4458:LOC;FAIDHERBE;TRAM;LILLE FLANDRES;2022-03-10T18:53:15+01:00;2022-03-10T18:48:25+01:00;TRANSPOLE:ItemId::268437946:LOC;LILLE FLANDRES/FAIDHERBE/2022-03-10T18:53:15.000+01:00
TRANSPOLE:StopPointRef:BP:4458:LOC;FAIDHERBE;TRAM;LILLE FLANDRES;2022-03-10T19:02:44+01:00;2022-03-10T18:44:55+01:00;TRANSPOLE:ItemId::268443948:LOC;LILLE FLANDRES/FAIDHERBE/2022-03-10T19:02:44.000+01:00
TRANSPOLE:StopPointRef:BP:4458:LOC;FAIDHERBE;TRAM;LILLE FLANDRES;2022-03-10T19:11:50+01:00;2022-03-10T18:45:06+01:00;TRANSPOLE:ItemId::268439117:LOC;LILLE FLANDRES/FAIDHERBE/2022-03-10T19:11:50.000+01:00
TRANSPOLE:StopPointRef:BP:2755:LOC;FOCH;TRAM;LILLE FLANDRES;2022-03-10T18:56:23+01:00;2022-03-10T18:48:15+01:00;TRANSPOLE:ItemId::268441583:LOC;LILLE FLANDRES/FOCH/2022-03-10T18:56:23.000+01:00
TRANSPOLE:StopPointRef:BP:2755:LOC;FOCH;TRAM;LILLE FLANDRES;2022-03-10T19:04:36+01:00;2022-03-10T18:48:15+01:00;TRANSPOLE:ItemId::268437954:LOC;LILLE FLANDRES/FOCH/2022-03-10T19:04:36.000+01:00
TRANSPOLE:StopPointRef:BP:2755:LOC;FOCH;TRAM;LILLE FLANDRES;2022-03-10T19:14:15+01:00;2022-03-10T18:48:20+01:00;TRANSPOLE:ItemId::268443956:LOC;LILLE FLANDRES/FOCH/2022-03-10T19:14:15.000+01:00
TRANSPOLE:StopPointRef:BP:679:LOC;GRAND COTTIGNIES;TRAM;LILLE FLANDRES;2022-03-10T18:57:58+01:00;2022-03-10T18:48:15+01:00;TRANSPOLE:ItemId::268437949:LOC;LILLE FLANDRES/GRAND COTTIGNIES/2022-03-10T18:57:58.000+01:00
TRANSPOLE:StopPointRef:BP:679:LOC;GRAND COTTIGNIES;TRAM;LILLE FLANDRES;2022-03-10T19:07:42+01:00;2022-03-10T18:40:20+01:00;TRANSPOLE:ItemId::268443951:LOC;LILLE FLANDRES/GRAND COTTIGNIES/2022-03-10T19:07:42.000+01:00
TRANSPOLE:StopPointRef:BP:679:LOC;GRAND COTTIGNIES;TRAM;LILLE FLANDRES;2022-03-10T19:16:43+01:00;2022-03-10T18:45:06+01:00;TRANSPOLE:ItemId::268439120:LOC;LILLE FLANDRES/GRAND COTTIGNIES/2022-03-10T19:16:43.000+01:00
TRANSPOLE:StopPointRef:BP:2850:LOC;HOPITAL V.PROVO;TRAM;LILLE FLANDRES;2022-03-10T18:55:08+01:00;2022-03-10T18:46:20+01:00;TRANSPOLE:ItemId::268443016:LOC;LILLE FLANDRES/HOPITAL V.PROVO/2022-03-10T18:55:08.000+01:00
TRANSPOLE:StopPointRef:BP:2850:LOC;HOPITAL V.PROVO;TRAM;LILLE FLANDRES;2022-03-10T19:04:38+01:00;2022-03-10T18:46:20+01:00;TRANSPOLE:ItemId::268435993:LOC;LILLE FLANDRES/HOPITAL V.PROVO/2022-03-10T19:04:38.000+01:00
TRANSPOLE:StopPointRef:BP:2850:LOC;HOPITAL V.PROVO;TRAM;LILLE FLANDRES;2022-03-10T19:15:23+01:00;2022-03-10T18:14:40+01:00;TRANSPOLE:ItemId::268441126:LOC;LILLE FLANDRES/HOPITAL V.PROVO/2022-03-10T19:15:23.000+01:00
TRANSPOLE:StopPointRef:BP:2382:LOC;JEAN MOULIN;TRAM;LILLE FLANDRES;2022-03-10T18:53:11+01:00;2022-03-10T18:44:40+01:00;TRANSPOLE:ItemId::268443015:LOC;LILLE FLANDRES/JEAN MOULIN/2022-03-10T18:53:11.000+01:00
TRANSPOLE:StopPointRef:BP:2382:LOC;JEAN MOULIN;TRAM;LILLE FLANDRES;2022-03-10T19:02:41+01:00;2022-03-10T18:44:40+01:00;TRANSPOLE:ItemId::268435992:LOC;LILLE FLANDRES/JEAN MOULIN/2022-03-10T19:02:41.000+01:00
TRANSPOLE:StopPointRef:BP:2382:LOC;JEAN MOULIN;TRAM;LILLE FLANDRES;2022-03-10T19:13:22+01:00;2022-03-10T18:03:15+01:00;TRANSPOLE:ItemId::268441125:LOC;LILLE FLANDRES/JEAN MOULIN/2022-03-10T19:13:22.000+01:00
TRANSPOLE:StopPointRef:BP:3144:LOC;LA MARQUE;TRAM;LILLE FLANDRES;2022-03-10T18:51:40+01:00;2022-03-10T18:48:20+01:00;TRANSPOLE:ItemId::268443479:LOC;LILLE FLANDRES/LA MARQUE/2022-03-10T18:51:40.000+01:00
TRANSPOLE:StopPointRef:BP:3144:LOC;LA MARQUE;TRAM;LILLE FLANDRES;2022-03-10T19:00:55+01:00;2022-03-10T18:44:40+01:00;TRANSPOLE:ItemId::268443020:LOC;LILLE FLANDRES/LA MARQUE/2022-03-10T19:00:55.000+01:00
TRANSPOLE:StopPointRef:BP:3144:LOC;LA MARQUE;TRAM;LILLE FLANDRES;2022-03-10T19:10:34+01:00;2022-03-10T18:36:00+01:00;TRANSPOLE:ItemId::268435997:LOC;LILLE FLANDRES/LA MARQUE/2022-03-10T19:10:34.000+01:00
TRANSPOLE:StopPointRef:BP:4308:LOC;LA TERRASSE;TRAM;LILLE FLANDRES;2022-03-10T18:56:45+01:00;2022-03-10T18:48:40+01:00;TRANSPOLE:ItemId::268443483:LOC;LILLE FLANDRES/LA TERRASSE/2022-03-10T18:56:45.000+01:00
TRANSPOLE:StopPointRef:BP:4308:LOC;LA TERRASSE;TRAM;LILLE FLANDRES;2022-03-10T19:06:14+01:00;2022-03-10T18:38:40+01:00;TRANSPOLE:ItemId::268443024:LOC;LILLE FLANDRES/LA TERRASSE/2022-03-10T19:06:14.000+01:00
TRANSPOLE:StopPointRef:BP:4308:LOC;LA TERRASSE;TRAM;LILLE FLANDRES;2022-03-10T19:15:44+01:00;2022-03-10T18:38:50+01:00;TRANSPOLE:ItemId::268436001:LOC;LILLE FLANDRES/LA TERRASSE/2022-03-10T19:15:44.000+01:00
TRANSPOLE:StopPointRef:BP:959:LOC;LE QUESNE;TRAM;LILLE FLANDRES;2022-03-10T18:54:35+01:00;2022-03-10T18:48:10+01:00;TRANSPOLE:ItemId::268441582:LOC;LILLE FLANDRES/LE QUESNE/2022-03-10T18:54:35.000+01:00
TRANSPOLE:StopPointRef:BP:959:LOC;LE QUESNE;TRAM;LILLE FLANDRES;2022-03-10T19:02:47+01:00;2022-03-10T18:48:10+01:00;TRANSPOLE:ItemId::268437953:LOC;LILLE FLANDRES/LE QUESNE/2022-03-10T19:02:47.000+01:00
TRANSPOLE:StopPointRef:BP:959:LOC;LE QUESNE;TRAM;LILLE FLANDRES;2022-03-10T19:12:33+01:00;2022-03-10T18:42:56+01:00;TRANSPOLE:ItemId::268443955:LOC;LILLE FLANDRES/LE QUESNE/2022-03-10T19:12:33.000+01:00
TRANSPOLE:StopPointRef:BP:4019:LOC;LE SART;TRAM;LILLE FLANDRES;2022-03-10T18:54:09+01:00;2022-03-10T18:48:31+01:00;TRANSPOLE:ItemId::268443481:LOC;LILLE FLANDRES/LE SART/2022-03-10T18:54:09.000+01:00
TRANSPOLE:StopPointRef:BP:4019:LOC;LE SART;TRAM;LILLE FLANDRES;2022-03-10T19:03:31+01:00;2022-03-10T18:47:10+01:00;TRANSPOLE:ItemId::268443022:LOC;LILLE FLANDRES/LE SART/2022-03-10T19:03:31.000+01:00
TRANSPOLE:StopPointRef:BP:4019:LOC;LE SART;TRAM;LILLE FLANDRES;2022-03-10T19:13:04+01:00;2022-03-10T18:39:45+01:00;TRANSPOLE:ItemId::268435999:LOC;LILLE FLANDRES/LE SART/2022-03-10T19:13:04.000+01:00
TRANSPOLE:StopPointRef:BP:2779:LOC;LILLE EUROPE;TRAM;LILLE FLANDRES;2022-03-10T18:50:06+01:00;2022-03-10T18:48:15+01:00;TRANSPOLE:ItemId::268442094:LOC;LILLE FLANDRES/LILLE EUROPE/2022-03-10T18:50:06.000+01:00
TRANSPOLE:StopPointRef:BP:2779:LOC;LILLE EUROPE;TRAM;LILLE FLANDRES;2022-03-10T18:52:04+01:00;2022-03-10T18:48:10+01:00;TRANSPOLE:ItemId::268436529:LOC;LILLE FLANDRES/LILLE EUROPE/2022-03-10T18:52:04.000+01:00
TRANSPOLE:StopPointRef:BP:2779:LOC;LILLE EUROPE;TRAM;LILLE FLANDRES;2022-03-10T18:56:10+01:00;2022-03-10T18:48:05+01:00;TRANSPOLE:ItemId::268437059:LOC;LILLE FLANDRES/LILLE EUROPE/2022-03-10T18:56:10.000+01:00
TRANSPOLE:StopPointRef:BP:2221:LOC;LILLE FLANDRES;TRAM;LILLE FLANDRES;2022-03-10T18:58:14+01:00;2022-03-10T18:48:05+01:00;TRANSPOLE:ItemId::268437060:LOC;LILLE FLANDRES/LILLE FLANDRES/2022-03-10T18:58:14.000+01:00
TRANSPOLE:StopPointRef:BP:4836:LOC;MA CAMPAGNE;TRAM;LILLE FLANDRES;2022-03-10T18:51:34+01:00;2022-03-10T18:48:40+01:00;TRANSPOLE:ItemId::268437945:LOC;LILLE FLANDRES/MA CAMPAGNE/2022-03-10T18:51:34.000+01:00
TRANSPOLE:StopPointRef:BP:4836:LOC;MA CAMPAGNE;TRAM;LILLE FLANDRES;2022-03-10T19:01:00+01:00;2022-03-10T18:43:05+01:00;TRANSPOLE:ItemId::268443947:LOC;LILLE FLANDRES/MA CAMPAGNE/2022-03-10T19:01:00.000+01:00
TRANSPOLE:StopPointRef:BP:4836:LOC;MA CAMPAGNE;TRAM;LILLE FLANDRES;2022-03-10T19:10:04+01:00;2022-03-10T18:45:06+01:00;TRANSPOLE:ItemId::268439116:LOC;LILLE FLANDRES/MA CAMPAGNE/2022-03-10T19:10:04.000+01:00
TRANSPOLE:StopPointRef:BP:1034:LOC;PARC BARBIEUX;TRAM;LILLE FLANDRES;2022-03-10T18:56:49+01:00;2022-03-10T18:47:55+01:00;TRANSPOLE:ItemId::268443017:LOC;LILLE FLANDRES/PARC BARBIEUX/2022-03-10T18:56:49.000+01:00
TRANSPOLE:StopPointRef:BP:1034:LOC;PARC BARBIEUX;TRAM;LILLE FLANDRES;2022-03-10T19:06:19+01:00;2022-03-10T18:47:55+01:00;TRANSPOLE:ItemId::268435994:LOC;LILLE FLANDRES/PARC BARBIEUX/2022-03-10T19:06:19.000+01:00
TRANSPOLE:StopPointRef:BP:1034:LOC;PARC BARBIEUX;TRAM;LILLE FLANDRES;2022-03-10T19:16:53+01:00;2022-03-10T18:43:35+01:00;TRANSPOLE:ItemId::268441127:LOC;LILLE FLANDRES/PARC BARBIEUX/2022-03-10T19:16:53.000+01:00
TRANSPOLE:StopPointRef:BP:1583:LOC;PAVE DE LILLE;TRAM;LILLE FLANDRES;2022-03-10T18:55:44+01:00;2022-03-10T18:48:20+01:00;TRANSPOLE:ItemId::268443482:LOC;LILLE FLANDRES/PAVE DE LILLE/2022-03-10T18:55:44.000+01:00
TRANSPOLE:StopPointRef:BP:1583:LOC;PAVE DE LILLE;TRAM;LILLE FLANDRES;2022-03-10T19:05:04+01:00;2022-03-10T18:39:00+01:00;TRANSPOLE:ItemId::268443023:LOC;LILLE FLANDRES/PAVE DE LILLE/2022-03-10T19:05:04.000+01:00
TRANSPOLE:StopPointRef:BP:1583:LOC;PAVE DE LILLE;TRAM;LILLE FLANDRES;2022-03-10T19:14:34+01:00;2022-03-10T18:39:00+01:00;TRANSPOLE:ItemId::268436000:LOC;LILLE FLANDRES/PAVE DE LILLE/2022-03-10T19:14:34.000+01:00
TRANSPOLE:StopPointRef:BP:2827:LOC;PLANCHE EPINOY;TRAM;LILLE FLANDRES;2022-03-10T18:52:53+01:00;2022-03-10T18:48:20+01:00;TRANSPOLE:ItemId::268443480:LOC;LILLE FLANDRES/PLANCHE EPINOY/2022-03-10T18:52:53.000+01:00
TRANSPOLE:StopPointRef:BP:2827:LOC;PLANCHE EPINOY;TRAM;LILLE FLANDRES;2022-03-10T19:02:08+01:00;2022-03-10T18:45:50+01:00;TRANSPOLE:ItemId::268443021:LOC;LILLE FLANDRES/PLANCHE EPINOY/2022-03-10T19:02:08.000+01:00
TRANSPOLE:StopPointRef:BP:2827:LOC;PLANCHE EPINOY;TRAM;LILLE FLANDRES;2022-03-10T19:11:43+01:00;2022-03-10T18:38:50+01:00;TRANSPOLE:ItemId::268435998:LOC;LILLE FLANDRES/PLANCHE EPINOY/2022-03-10T19:11:43.000+01:00
TRANSPOLE:StopPointRef:BP:2568:LOC;PONT HYDRAULIQUE;TRAM;LILLE FLANDRES;2022-03-10T18:50:06+01:00;2022-03-10T18:48:15+01:00;TRANSPOLE:ItemId::268437944:LOC;LILLE FLANDRES/PONT HYDRAULIQUE/2022-03-10T18:50:06.000+01:00
TRANSPOLE:StopPointRef:BP:2568:LOC;PONT HYDRAULIQUE;TRAM;LILLE FLANDRES;2022-03-10T18:59:46+01:00;2022-03-10T18:42:00+01:00;TRANSPOLE:ItemId::268443946:LOC;LILLE FLANDRES/PONT HYDRAULIQUE/2022-03-10T18:59:46.000+01:00
TRANSPOLE:StopPointRef:BP:2568:LOC;PONT HYDRAULIQUE;TRAM;LILLE FLANDRES;2022-03-10T19:08:51+01:00;2022-03-10T18:45:06+01:00;TRANSPOLE:ItemId::268439115:LOC;LILLE FLANDRES/PONT HYDRAULIQUE/2022-03-10T19:08:51.000+01:00
TRANSPOLE:StopPointRef:BP:2977:LOC;PONT WASQUEHAL;TRAM;LILLE FLANDRES;2022-03-10T18:50:46+01:00;2022-03-10T18:48:15+01:00;TRANSPOLE:ItemId::268438525:LOC;LILLE FLANDRES/PONT WASQUEHAL/2022-03-10T18:50:46.000+01:00
TRANSPOLE:StopPointRef:BP:2977:LOC;PONT WASQUEHAL;TRAM;LILLE FLANDRES;2022-03-10T18:58:24+01:00;2022-03-10T18:48:15+01:00;TRANSPOLE:ItemId::268443484:LOC;LILLE FLANDRES/PONT WASQUEHAL/2022-03-10T18:58:24.000+01:00
TRANSPOLE:StopPointRef:BP:2977:LOC;PONT WASQUEHAL;TRAM;LILLE FLANDRES;2022-03-10T19:07:34+01:00;2022-03-10T18:43:30+01:00;TRANSPOLE:ItemId::268443025:LOC;LILLE FLANDRES/PONT WASQUEHAL/2022-03-10T19:07:34.000+01:00
TRANSPOLE:StopPointRef:BP:4820:LOC;ROMARIN;TRAM;LILLE FLANDRES;2022-03-10T18:50:16+01:00;2022-03-10T18:48:55+01:00;TRANSPOLE:ItemId::268436528:LOC;LILLE FLANDRES/ROMARIN/2022-03-10T18:50:16.000+01:00
TRANSPOLE:StopPointRef:BP:4820:LOC;ROMARIN;TRAM;LILLE FLANDRES;2022-03-10T18:54:19+01:00;2022-03-10T18:48:50+01:00;TRANSPOLE:ItemId::268437058:LOC;LILLE FLANDRES/ROMARIN/2022-03-10T18:54:19.000+01:00
TRANSPOLE:StopPointRef:BP:4820:LOC;ROMARIN;TRAM;LILLE FLANDRES;2022-03-10T18:57:41+01:00;2022-03-10T18:48:50+01:00;TRANSPOLE:ItemId::268444929:LOC;LILLE FLANDRES/ROMARIN/2022-03-10T18:57:41.000+01:00
TRANSPOLE:StopPointRef:BP:1660:LOC;SAINT MAUR;TRAM;LILLE FLANDRES;2022-03-10T18:51:20+01:00;2022-03-10T18:48:15+01:00;TRANSPOLE:ItemId::268437056:LOC;LILLE FLANDRES/SAINT MAUR/2022-03-10T18:51:20.000+01:00
TRANSPOLE:StopPointRef:BP:1660:LOC;SAINT MAUR;TRAM;LILLE FLANDRES;2022-03-10T18:54:45+01:00;2022-03-10T18:48:15+01:00;TRANSPOLE:ItemId::268444927:LOC;LILLE FLANDRES/SAINT MAUR/2022-03-10T18:54:45.000+01:00
TRANSPOLE:StopPointRef:BP:1660:LOC;SAINT MAUR;TRAM;LILLE FLANDRES;2022-03-10T18:59:15+01:00;2022-03-10T18:48:20+01:00;TRANSPOLE:ItemId::268438531:LOC;LILLE FLANDRES/SAINT MAUR/2022-03-10T18:59:15.000+01:00
TRANSPOLE:StopPointRef:BP:4934:LOC;TOURCOING CENTRE;TRAM;LILLE FLANDRES;2022-03-10T18:55:40+01:00;2022-03-10T18:37:55+01:00;TRANSPOLE:ItemId::268443944:LOC;LILLE FLANDRES/TOURCOING CENTRE/2022-03-10T18:55:40.000+01:00
TRANSPOLE:StopPointRef:BP:3471:LOC;TOURCOING CENTRE;TRAM;LILLE FLANDRES;2022-03-10T18:55:40+01:00;2022-03-10T18:48:10+01:00;TRANSPOLE:ItemId::268443944:LOC;LILLE FLANDRES/TOURCOING CENTRE/2022-03-10T18:55:40.000+01:00
TRANSPOLE:StopPointRef:BP:3471:LOC;TOURCOING CENTRE;TRAM;LILLE FLANDRES;2022-03-10T19:04:50+01:00;2022-03-10T18:48:55+01:00;TRANSPOLE:ItemId::268439113:LOC;LILLE FLANDRES/TOURCOING CENTRE/2022-03-10T19:04:50.000+01:00
TRANSPOLE:StopPointRef:BP:3471:LOC;TOURCOING CENTRE;TRAM;LILLE FLANDRES;2022-03-10T19:14:15+01:00;2022-03-10T18:48:50+01:00;TRANSPOLE:ItemId::268442534:LOC;LILLE FLANDRES/TOURCOING CENTRE/2022-03-10T19:14:15.000+01:00
TRANSPOLE:StopPointRef:BP:3309:LOC;TRIEZ;TRAM;LILLE FLANDRES;2022-03-10T18:56:33+01:00;2022-03-10T18:48:55+01:00;TRANSPOLE:ItemId::268437948:LOC;LILLE FLANDRES/TRIEZ/2022-03-10T18:56:33.000+01:00
TRANSPOLE:StopPointRef:BP:3309:LOC;TRIEZ;TRAM;LILLE FLANDRES;2022-03-10T19:06:01+01:00;2022-03-10T18:48:15+01:00;TRANSPOLE:ItemId::268443950:LOC;LILLE FLANDRES/TRIEZ/2022-03-10T19:06:01.000+01:00
TRANSPOLE:StopPointRef:BP:3309:LOC;TRIEZ;TRAM;LILLE FLANDRES;2022-03-10T19:15:13+01:00;2022-03-10T18:44:55+01:00;TRANSPOLE:ItemId::268439119:LOC;LILLE FLANDRES/TRIEZ/2022-03-10T19:15:13.000+01:00
TRANSPOLE:StopPointRef:BP:2600:LOC;TROIS SUISSES;TRAM;LILLE FLANDRES;2022-03-10T18:54:25+01:00;2022-03-10T18:47:30+01:00;TRANSPOLE:ItemId::268437947:LOC;LILLE FLANDRES/TROIS SUISSES/2022-03-10T18:54:25.000+01:00
TRANSPOLE:StopPointRef:BP:2600:LOC;TROIS SUISSES;TRAM;LILLE FLANDRES;2022-03-10T19:04:12+01:00;2022-03-10T18:46:15+01:00;TRANSPOLE:ItemId::268443949:LOC;LILLE FLANDRES/TROIS SUISSES/2022-03-10T19:04:12.000+01:00
TRANSPOLE:StopPointRef:BP:2600:LOC;TROIS SUISSES;TRAM;LILLE FLANDRES;2022-03-10T19:13:24+01:00;2022-03-10T18:44:55+01:00;TRANSPOLE:ItemId::268439118:LOC;LILLE FLANDRES/TROIS SUISSES/2022-03-10T19:13:24.000+01:00
TRANSPOLE:StopPointRef:BP:1973:LOC;VICTOIRE;TRAM;LILLE FLANDRES;2022-03-10T18:57:53+01:00;2022-03-10T18:40:20+01:00;TRANSPOLE:ItemId::268443945:LOC;LILLE FLANDRES/VICTOIRE/2022-03-10T18:57:53.000+01:00
TRANSPOLE:StopPointRef:BP:1973:LOC;VICTOIRE;TRAM;LILLE FLANDRES;2022-03-10T19:07:04+01:00;2022-03-10T18:32:45+01:00;TRANSPOLE:ItemId::268439114:LOC;LILLE FLANDRES/VICTOIRE/2022-03-10T19:07:04.000+01:00
TRANSPOLE:StopPointRef:BP:1973:LOC;VICTOIRE;TRAM;LILLE FLANDRES;2022-03-10T19:16:24+01:00;2022-03-10T18:45:06+01:00;TRANSPOLE:ItemId::268442535:LOC;LILLE FLANDRES/VICTOIRE/2022-03-10T19:16:24.000+01:00
TRANSPOLE:StopPointRef:BP:2184:LOC;VILLA CAVROIS;TRAM;LILLE FLANDRES;2022-03-10T18:50:23+01:00;2022-03-10T18:48:20+01:00;TRANSPOLE:ItemId::268443478:LOC;LILLE FLANDRES/VILLA CAVROIS/2022-03-10T18:50:23.000+01:00
TRANSPOLE:StopPointRef:BP:2184:LOC;VILLA CAVROIS;TRAM;LILLE FLANDRES;2022-03-10T18:59:40+01:00;2022-03-10T18:43:25+01:00;TRANSPOLE:ItemId::268443019:LOC;LILLE FLANDRES/VILLA CAVROIS/2022-03-10T18:59:40.000+01:00
TRANSPOLE:StopPointRef:BP:2184:LOC;VILLA CAVROIS;TRAM;LILLE FLANDRES;2022-03-10T19:09:14+01:00;2022-03-10T18:34:55+01:00;TRANSPOLE:ItemId::268435996:LOC;LILLE FLANDRES/VILLA CAVROIS/2022-03-10T19:09:14.000+01:00
TRANSPOLE:StopPointRef:BP:344:LOC;BOTANIQUE;TRAM;TOURCOING CENTRE;2022-03-10T18:51:36+01:00;2022-03-10T18:48:15+01:00;TRANSPOLE:ItemId::268440591:LOC;TOURCOING CENTRE/BOTANIQUE/2022-03-10T18:51:36.000+01:00
TRANSPOLE:StopPointRef:BP:344:LOC;BOTANIQUE;TRAM;TOURCOING CENTRE;2022-03-10T19:01:40+01:00;2022-03-10T18:30:00+01:00;TRANSPOLE:ItemId::268444505:LOC;TOURCOING CENTRE/BOTANIQUE/2022-03-10T19:01:40.000+01:00
TRANSPOLE:StopPointRef:BP:344:LOC;BOTANIQUE;TRAM;TOURCOING CENTRE;2022-03-10T19:12:38+01:00;2022-03-10T18:29:55+01:00;TRANSPOLE:ItemId::268444936:LOC;TOURCOING CENTRE/BOTANIQUE/2022-03-10T19:12:38.000+01:00
TRANSPOLE:StopPointRef:BP:1019:LOC;BROSSOLETTE;TRAM;TOURCOING CENTRE;2022-03-10T18:55:55+01:00;2022-03-10T18:48:05+01:00;TRANSPOLE:ItemId::268440594:LOC;TOURCOING CENTRE/BROSSOLETTE/2022-03-10T18:55:55.000+01:00
TRANSPOLE:StopPointRef:BP:1019:LOC;BROSSOLETTE;TRAM;TOURCOING CENTRE;2022-03-10T19:06:13+01:00;2022-03-10T18:30:00+01:00;TRANSPOLE:ItemId::268444508:LOC;TOURCOING CENTRE/BROSSOLETTE/2022-03-10T19:06:13.000+01:00
TRANSPOLE:StopPointRef:BP:3210:LOC;BUISSON;TRAM;TOURCOING CENTRE;2022-03-10T18:54:46+01:00;2022-03-10T18:48:35+01:00;TRANSPOLE:ItemId::268440593:LOC;TOURCOING CENTRE/BUISSON/2022-03-10T18:54:46.000+01:00
TRANSPOLE:StopPointRef:BP:3210:LOC;BUISSON;TRAM;TOURCOING CENTRE;2022-03-10T19:04:35+01:00;2022-03-10T18:44:15+01:00;TRANSPOLE:ItemId::268444507:LOC;TOURCOING CENTRE/BUISSON/2022-03-10T19:04:35.000+01:00
TRANSPOLE:StopPointRef:BP:4865:LOC;CARTELOT;TRAM;TOURCOING CENTRE;2022-03-10T18:55:44+01:00;2022-03-10T18:48:50+01:00;TRANSPOLE:ItemId::268442525:LOC;TOURCOING CENTRE/CARTELOT/2022-03-10T18:55:44.000+01:00
TRANSPOLE:StopPointRef:BP:4865:LOC;CARTELOT;TRAM;TOURCOING CENTRE;2022-03-10T19:05:28+01:00;2022-03-10T18:48:45+01:00;TRANSPOLE:ItemId::268440601:LOC;TOURCOING CENTRE/CARTELOT/2022-03-10T19:05:28.000+01:00
TRANSPOLE:StopPointRef:BP:4865:LOC;CARTELOT;TRAM;TOURCOING CENTRE;2022-03-10T19:15:13+01:00;2022-03-10T18:44:30+01:00;TRANSPOLE:ItemId::268444515:LOC;TOURCOING CENTRE/CARTELOT/2022-03-10T19:15:13.000+01:00
TRANSPOLE:StopPointRef:BP:3171:LOC;CERISAIE;TRAM;TOURCOING CENTRE;2022-03-10T18:53:55+01:00;2022-03-10T18:48:15+01:00;TRANSPOLE:ItemId::268442523:LOC;TOURCOING CENTRE/CERISAIE/2022-03-10T18:53:55.000+01:00
TRANSPOLE:StopPointRef:BP:3171:LOC;CERISAIE;TRAM;TOURCOING CENTRE;2022-03-10T19:02:35+01:00;2022-03-10T18:48:15+01:00;TRANSPOLE:ItemId::268440599:LOC;TOURCOING CENTRE/CERISAIE/2022-03-10T19:02:35.000+01:00
TRANSPOLE:StopPointRef:BP:3171:LOC;CERISAIE;TRAM;TOURCOING CENTRE;2022-03-10T19:12:42+01:00;2022-03-10T18:44:30+01:00;TRANSPOLE:ItemId::268444513:LOC;TOURCOING CENTRE/CERISAIE/2022-03-10T19:12:42.000+01:00
TRANSPOLE:StopPointRef:BP:2481:LOC;CHATEAU ROUGE;TRAM;TOURCOING CENTRE;2022-03-10T18:55:08+01:00;2022-03-10T18:48:20+01:00;TRANSPOLE:ItemId::268442524:LOC;TOURCOING CENTRE/CHATEAU ROUGE/2022-03-10T18:55:08.000+01:00
TRANSPOLE:StopPointRef:BP:2481:LOC;CHATEAU ROUGE;TRAM;TOURCOING CENTRE;2022-03-10T19:03:43+01:00;2022-03-10T18:48:15+01:00;TRANSPOLE:ItemId::268440600:LOC;TOURCOING CENTRE/CHATEAU ROUGE/2022-03-10T19:03:43.000+01:00
TRANSPOLE:StopPointRef:BP:2481:LOC;CHATEAU ROUGE;TRAM;TOURCOING CENTRE;2022-03-10T19:13:51+01:00;2022-03-10T18:44:30+01:00;TRANSPOLE:ItemId::268444514:LOC;TOURCOING CENTRE/CHATEAU ROUGE/2022-03-10T19:13:51.000+01:00
TRANSPOLE:StopPointRef:BP:2881:LOC;CLEMENCEAU HIPP.;TRAM;TOURCOING CENTRE;2022-03-10T18:56:54+01:00;2022-03-10T18:48:20+01:00;TRANSPOLE:ItemId::268440595:LOC;TOURCOING CENTRE/CLEMENCEAU HIPP./2022-03-10T18:56:54.000+01:00
TRANSPOLE:StopPointRef:BP:2881:LOC;CLEMENCEAU HIPP.;TRAM;TOURCOING CENTRE;2022-03-10T19:07:01+01:00;2022-03-10T18:30:00+01:00;TRANSPOLE:ItemId::268444509:LOC;TOURCOING CENTRE/CLEMENCEAU HIPP./2022-03-10T19:07:01.000+01:00
TRANSPOLE:StopPointRef:BP:601:LOC;CROISE LAROCHE;TRAM;TOURCOING CENTRE;2022-03-10T18:50:08+01:00;2022-03-10T18:48:20+01:00;TRANSPOLE:ItemId::268442520:LOC;TOURCOING CENTRE/CROISE LAROCHE/2022-03-10T18:50:08.000+01:00
TRANSPOLE:StopPointRef:BP:601:LOC;CROISE LAROCHE;TRAM;TOURCOING CENTRE;2022-03-10T18:58:43+01:00;2022-03-10T18:48:15+01:00;TRANSPOLE:ItemId::268440596:LOC;TOURCOING CENTRE/CROISE LAROCHE/2022-03-10T18:58:43.000+01:00
TRANSPOLE:StopPointRef:BP:601:LOC;CROISE LAROCHE;TRAM;TOURCOING CENTRE;2022-03-10T19:08:50+01:00;2022-03-10T18:44:30+01:00;TRANSPOLE:ItemId::268444510:LOC;TOURCOING CENTRE/CROISE LAROCHE/2022-03-10T19:08:50.000+01:00
TRANSPOLE:StopPointRef:BP:4912:LOC;FAIDHERBE;TRAM;TOURCOING CENTRE;2022-03-10T18:52:22+01:00;2022-03-10T18:48:55+01:00;TRANSPOLE:ItemId::268439108:LOC;TOURCOING CENTRE/FAIDHERBE/2022-03-10T18:52:22.000+01:00
TRANSPOLE:StopPointRef:BP:4912:LOC;FAIDHERBE;TRAM;TOURCOING CENTRE;2022-03-10T19:01:55+01:00;2022-03-10T18:48:50+01:00;TRANSPOLE:ItemId::268442529:LOC;TOURCOING CENTRE/FAIDHERBE/2022-03-10T19:01:55.000+01:00
TRANSPOLE:StopPointRef:BP:4912:LOC;FAIDHERBE;TRAM;TOURCOING CENTRE;2022-03-10T19:11:35+01:00;2022-03-10T18:48:35+01:00;TRANSPOLE:ItemId::268440605:LOC;TOURCOING CENTRE/FAIDHERBE/2022-03-10T19:11:35.000+01:00
TRANSPOLE:StopPointRef:BP:3241:LOC;FOCH;TRAM;TOURCOING CENTRE;2022-03-10T18:50:29+01:00;2022-03-10T18:48:50+01:00;TRANSPOLE:ItemId::268442521:LOC;TOURCOING CENTRE/FOCH/2022-03-10T18:50:29.000+01:00
TRANSPOLE:StopPointRef:BP:3241:LOC;FOCH;TRAM;TOURCOING CENTRE;2022-03-10T19:00:09+01:00;2022-03-10T18:48:35+01:00;TRANSPOLE:ItemId::268440597:LOC;TOURCOING CENTRE/FOCH/2022-03-10T19:00:09.000+01:00
TRANSPOLE:StopPointRef:BP:3241:LOC;FOCH;TRAM;TOURCOING CENTRE;2022-03-10T19:09:57+01:00;2022-03-10T18:44:30+01:00;TRANSPOLE:ItemId::268444511:LOC;TOURCOING CENTRE/FOCH/2022-03-10T19:09:57.000+01:00
TRANSPOLE:StopPointRef:BP:1980:LOC;GRAND COTTIGNIES;TRAM;TOURCOING CENTRE;2022-03-10T18:57:47+01:00;2022-03-10T18:48:15+01:00;TRANSPOLE:ItemId::268442526:LOC;TOURCOING CENTRE/GRAND COTTIGNIES/2022-03-10T18:57:47.000+01:00
TRANSPOLE:StopPointRef:BP:1980:LOC;GRAND COTTIGNIES;TRAM;TOURCOING CENTRE;2022-03-10T19:06:27+01:00;2022-03-10T18:48:15+01:00;TRANSPOLE:ItemId::268440602:LOC;TOURCOING CENTRE/GRAND COTTIGNIES/2022-03-10T19:06:27.000+01:00
TRANSPOLE:StopPointRef:BP:1980:LOC;GRAND COTTIGNIES;TRAM;TOURCOING CENTRE;2022-03-10T19:16:34+01:00;2022-03-10T18:48:15+01:00;TRANSPOLE:ItemId::268444516:LOC;TOURCOING CENTRE/GRAND COTTIGNIES/2022-03-10T19:16:34.000+01:00
TRANSPOLE:StopPointRef:BP:3146:LOC;LE QUESNE;TRAM;TOURCOING CENTRE;2022-03-10T18:52:47+01:00;2022-03-10T18:48:20+01:00;TRANSPOLE:ItemId::268442522:LOC;TOURCOING CENTRE/LE QUESNE/2022-03-10T18:52:47.000+01:00
TRANSPOLE:StopPointRef:BP:3146:LOC;LE QUESNE;TRAM;TOURCOING CENTRE;2022-03-10T19:01:22+01:00;2022-03-10T18:48:15+01:00;TRANSPOLE:ItemId::268440598:LOC;TOURCOING CENTRE/LE QUESNE/2022-03-10T19:01:22.000+01:00
TRANSPOLE:StopPointRef:BP:3146:LOC;LE QUESNE;TRAM;TOURCOING CENTRE;2022-03-10T19:11:29+01:00;2022-03-10T18:44:30+01:00;TRANSPOLE:ItemId::268444512:LOC;TOURCOING CENTRE/LE QUESNE/2022-03-10T19:11:29.000+01:00
TRANSPOLE:StopPointRef:BP:2757:LOC;LILLE EUROPE;TRAM;TOURCOING CENTRE;2022-03-10T18:58:23+01:00;2022-03-10T18:30:00+01:00;TRANSPOLE:ItemId::268444503:LOC;TOURCOING CENTRE/LILLE EUROPE/2022-03-10T18:58:23.000+01:00
TRANSPOLE:StopPointRef:BP:2757:LOC;LILLE EUROPE;TRAM;TOURCOING CENTRE;2022-03-10T19:09:23+01:00;2022-03-10T18:29:55+01:00;TRANSPOLE:ItemId::268444934:LOC;TOURCOING CENTRE/LILLE EUROPE/2022-03-10T19:09:23.000+01:00
TRANSPOLE:StopPointRef:BP:1837:LOC;LILLE FLANDRES;TRAM;TOURCOING CENTRE;2022-03-10T18:57:00+01:00;2022-03-10T18:48:10+01:00;TRANSPOLE:ItemId::268444502:LOC;TOURCOING CENTRE/LILLE FLANDRES/2022-03-10T18:57:00.000+01:00
TRANSPOLE:StopPointRef:BP:1837:LOC;LILLE FLANDRES;TRAM;TOURCOING CENTRE;2022-03-10T19:08:00+01:00;2022-03-10T18:48:15+01:00;TRANSPOLE:ItemId::268444933:LOC;TOURCOING CENTRE/LILLE FLANDRES/2022-03-10T19:08:00.000+01:00
TRANSPOLE:StopPointRef:BP:1837:LOC;LILLE FLANDRES;TRAM;TOURCOING CENTRE;2022-03-10T19:18:25+01:00;2022-03-10T18:48:15+01:00;TRANSPOLE:ItemId::268441594:LOC;TOURCOING CENTRE/LILLE FLANDRES/2022-03-10T19:18:25.000+01:00
TRANSPOLE:StopPointRef:BP:3226:LOC;MA CAMPAGNE;TRAM;TOURCOING CENTRE;2022-03-10T18:54:09+01:00;2022-03-10T18:48:55+01:00;TRANSPOLE:ItemId::268439109:LOC;TOURCOING CENTRE/MA CAMPAGNE/2022-03-10T18:54:09.000+01:00
TRANSPOLE:StopPointRef:BP:3226:LOC;MA CAMPAGNE;TRAM;TOURCOING CENTRE;2022-03-10T19:03:42+01:00;2022-03-10T18:48:50+01:00;TRANSPOLE:ItemId::268442530:LOC;TOURCOING CENTRE/MA CAMPAGNE/2022-03-10T19:03:42.000+01:00
TRANSPOLE:StopPointRef:BP:3226:LOC;MA CAMPAGNE;TRAM;TOURCOING CENTRE;2022-03-10T19:13:26+01:00;2022-03-10T18:48:45+01:00;TRANSPOLE:ItemId::268440606:LOC;TOURCOING CENTRE/MA CAMPAGNE/2022-03-10T19:13:26.000+01:00
TRANSPOLE:StopPointRef:BP:2567:LOC;PONT HYDRAULIQUE;TRAM;TOURCOING CENTRE;2022-03-10T18:55:55+01:00;2022-03-10T18:48:05+01:00;TRANSPOLE:ItemId::268439110:LOC;TOURCOING CENTRE/PONT HYDRAULIQUE/2022-03-10T18:55:55.000+01:00
TRANSPOLE:StopPointRef:BP:2567:LOC;PONT HYDRAULIQUE;TRAM;TOURCOING CENTRE;2022-03-10T19:05:46+01:00;2022-03-10T18:48:20+01:00;TRANSPOLE:ItemId::268442531:LOC;TOURCOING CENTRE/PONT HYDRAULIQUE/2022-03-10T19:05:46.000+01:00
TRANSPOLE:StopPointRef:BP:2567:LOC;PONT HYDRAULIQUE;TRAM;TOURCOING CENTRE;2022-03-10T19:14:21+01:00;2022-03-10T18:48:15+01:00;TRANSPOLE:ItemId::268440607:LOC;TOURCOING CENTRE/PONT HYDRAULIQUE/2022-03-10T19:14:21.000+01:00
TRANSPOLE:StopPointRef:BP:4600:LOC;ROMARIN;TRAM;TOURCOING CENTRE;2022-03-10T18:50:26+01:00;2022-03-10T18:48:35+01:00;TRANSPOLE:ItemId::268440590:LOC;TOURCOING CENTRE/ROMARIN/2022-03-10T18:50:26.000+01:00
TRANSPOLE:StopPointRef:BP:4600:LOC;ROMARIN;TRAM;TOURCOING CENTRE;2022-03-10T19:00:15+01:00;2022-03-10T18:41:20+01:00;TRANSPOLE:ItemId::268444504:LOC;TOURCOING CENTRE/ROMARIN/2022-03-10T19:00:15.000+01:00
TRANSPOLE:StopPointRef:BP:4600:LOC;ROMARIN;TRAM;TOURCOING CENTRE;2022-03-10T19:11:14+01:00;2022-03-10T18:29:55+01:00;TRANSPOLE:ItemId::268444935:LOC;TOURCOING CENTRE/ROMARIN/2022-03-10T19:11:14.000+01:00
TRANSPOLE:StopPointRef:BP:3470:LOC;SAINT MAUR;TRAM;TOURCOING CENTRE;2022-03-10T18:53:00+01:00;2022-03-10T18:48:50+01:00;TRANSPOLE:ItemId::268440592:LOC;TOURCOING CENTRE/SAINT MAUR/2022-03-10T18:53:00.000+01:00
TRANSPOLE:StopPointRef:BP:3470:LOC;SAINT MAUR;TRAM;TOURCOING CENTRE;2022-03-10T19:02:45+01:00;2022-03-10T18:42:50+01:00;TRANSPOLE:ItemId::268444506:LOC;TOURCOING CENTRE/SAINT MAUR/2022-03-10T19:02:45.000+01:00
TRANSPOLE:StopPointRef:BP:3470:LOC;SAINT MAUR;TRAM;TOURCOING CENTRE;2022-03-10T19:13:45+01:00;2022-03-10T18:46:15+01:00;TRANSPOLE:ItemId::268444937:LOC;TOURCOING CENTRE/SAINT MAUR/2022-03-10T19:13:45.000+01:00
TRANSPOLE:StopPointRef:BP:1483:LOC;TRIEZ;TRAM;TOURCOING CENTRE;2022-03-10T18:59:28+01:00;2022-03-10T18:48:20+01:00;TRANSPOLE:ItemId::268442527:LOC;TOURCOING CENTRE/TRIEZ/2022-03-10T18:59:28.000+01:00
TRANSPOLE:StopPointRef:BP:1483:LOC;TRIEZ;TRAM;TOURCOING CENTRE;2022-03-10T19:07:56+01:00;2022-03-10T18:48:05+01:00;TRANSPOLE:ItemId::268440603:LOC;TOURCOING CENTRE/TRIEZ/2022-03-10T19:07:56.000+01:00
TRANSPOLE:StopPointRef:BP:1483:LOC;TRIEZ;TRAM;TOURCOING CENTRE;2022-03-10T19:18:13+01:00;2022-03-10T18:44:30+01:00;TRANSPOLE:ItemId::268444517:LOC;TOURCOING CENTRE/TRIEZ/2022-03-10T19:18:13.000+01:00
TRANSPOLE:StopPointRef:BP:104:LOC;TROIS SUISSES;TRAM;TOURCOING CENTRE;2022-03-10T18:51:34+01:00;2022-03-10T18:48:15+01:00;TRANSPOLE:ItemId::268439107:LOC;TOURCOING CENTRE/TROIS SUISSES/2022-03-10T18:51:34.000+01:00
TRANSPOLE:StopPointRef:BP:104:LOC;TROIS SUISSES;TRAM;TOURCOING CENTRE;2022-03-10T19:01:15+01:00;2022-03-10T18:48:15+01:00;TRANSPOLE:ItemId::268442528:LOC;TOURCOING CENTRE/TROIS SUISSES/2022-03-10T19:01:15.000+01:00
TRANSPOLE:StopPointRef:BP:104:LOC;TROIS SUISSES;TRAM;TOURCOING CENTRE;2022-03-10T19:09:55+01:00;2022-03-10T18:48:15+01:00;TRANSPOLE:ItemId::268440604:LOC;TOURCOING CENTRE/TROIS SUISSES/2022-03-10T19:09:55.000+01:00
TRANSPOLE:StopPointRef:BP:4560:LOC;VICTOIRE;TRAM;TOURCOING CENTRE;2022-03-10T18:58:00+01:00;2022-03-10T18:48:55+01:00;TRANSPOLE:ItemId::268439111:LOC;TOURCOING CENTRE/VICTOIRE/2022-03-10T18:58:00.000+01:00
TRANSPOLE:StopPointRef:BP:4560:LOC;VICTOIRE;TRAM;TOURCOING CENTRE;2022-03-10T19:07:33+01:00;2022-03-10T18:48:50+01:00;TRANSPOLE:ItemId::268442532:LOC;TOURCOING CENTRE/VICTOIRE/2022-03-10T19:07:33.000+01:00
TRANSPOLE:StopPointRef:BP:4560:LOC;VICTOIRE;TRAM;TOURCOING CENTRE;2022-03-10T19:17:17+01:00;2022-03-10T18:48:45+01:00;TRANSPOLE:ItemId::268440608:LOC;TOURCOING CENTRE/VICTOIRE/2022-03-10T19:17:17.000+01:00
